JugadorID,Nombre,Minutos jugados,Partidos jugados,Goles,Tarj. amarillas,Tarj. roja,EquipoID,Alineacion
1,Sivera,3690',41,0,3,0,ALAVES,POR
2,Toni Moya,1644',39,3,4,0,ALAVES,CEN
3,Jon Guridi,2739',38,0,5,0,ALAVES,CEN
4,Luis Rioja,3146',38,10,6,1,ALAVES,CEN
5,Rubén Duarte,2978',37,0,14,0,ALAVES,DEF
6,Salva Sevilla,2313',36,3,12,0,ALAVES,CEN
7,Abdelkabir Abqar,2859',35,1,10,1,ALAVES,DEF
8,Facundo Tenaglia,2835',34,3,9,0,ALAVES,DEF
9,Miguel,2038',33,4,5,0,ALAVES,DEL
10,Jason,1628',32,2,3,0,ALAVES,CEN
11,Xeber Alkain,1532',31,4,1,2,ALAVES,DEL
12,Javi López,1255',30,0,2,0,ALAVES,DEF
13,Aleksandar Sedlar,2465',30,0,7,0,ALAVES,DEF
14,Benavídez,1464',29,1,10,1,ALAVES,CEN
15,Rober González,1138',28,2,3,1,ALAVES,DEL
16,Nikola Maraš,1606',20,0,2,0,ALAVES,DEF
17,Abde Rebbach,860',19,2,2,0,ALAVES,DEL
18,Mamadou Sylla,784',19,4,1,1,ALAVES,DEL
19,Anderson Arroyo,911',17,0,1,0,ALAVES,DEF
20,Blanco,1321',17,0,10,0,ALAVES,CEN
21,Villalibre,932',16,4,3,0,ALAVES,DEL
22,Taichi Hara,435',15,1,2,0,ALAVES,DEL
23,Laguardia,576',14,0,3,0,ALAVES,DEF
24,Álex Balboa,169',11,0,1,0,ALAVES,CEN
25,Abdallahi Mahmoud,9',3,0,0,0,ALAVES,CEN
26,Joaquín Panichelli,18',2,0,0,0,ALAVES,DEL
27,Marc Tenas,13',1,0,0,0,ALAVES,DEL
28,Jesús Owono,90',1,0,0,0,ALAVES,POR
29,Manu Fuster,3314',40,8,4,0,ALBACETE,DEL
30,Jonathan Dubasin,2634',39,10,6,0,ALBACETE,DEL
31,Olaetxea,3360',39,3,10,0,ALBACETE,CEN
32,Flavien Boyomo,3127',37,1,10,1,ALBACETE,DEF
33,Maikel Mesa,2725',37,8,4,1,ALBACETE,CEN
34,Riki Rodríguez,3028',37,2,10,1,ALBACETE,CEN
35,Higinio Marín,2561',36,11,7,0,ALBACETE,DEL
36,Julio Alonso,2918',36,0,6,1,ALBACETE,DEF
37,Álvaro,2706',35,4,4,1,ALBACETE,DEF
38,Mohamed Djetei,2305',31,1,3,1,ALBACETE,DEF
39,Bernabé,2700',30,0,6,0,ALBACETE,POR
40,Glauder,2051',29,0,7,0,ALBACETE,DEF
41,Juanma García,1690',29,4,1,0,ALBACETE,DEL
42,Fran Álvarez,623',26,1,2,0,ALBACETE,CEN
43,Ros,695',24,0,0,0,ALBACETE,DEF
44,Juan María,858',23,1,5,0,ALBACETE,DEF
45,Carlos Isaac,821',16,1,2,0,ALBACETE,DEF
46,Sergio Maestre,403',14,0,1,0,ALBACETE,CEN
47,Rubén Martínez,468',13,0,2,0,ALBACETE,CEN
48,Altube,1080',12,0,0,0,ALBACETE,POR
49,Dani Escriche,545',12,1,1,0,ALBACETE,DEL
50,Rodrigo Alonso,276',10,0,3,0,ALBACETE,CEN
51,Jovanny Bolívar,113',7,1,0,0,ALBACETE,DEL
52,Javi Martínez,139',7,0,1,0,ALBACETE,CEN
53,Andy Kawaya,67',7,1,0,0,ALBACETE,CEN
54,Dani González,21',5,0,0,0,ALBACETE,DEL
55,Karim Chaban,2',2,0,0,0,ALBACETE,DEL
56,Emmanuel Attipoe,24',1,0,0,0,ALBACETE,DEF
57,Luis Roldán,31',1,0,0,0,ALBACETE,CEN
58,Sergi García,5',1,0,0,0,ALBACETE,CEN
59,Hector Hevel,2285',39,1,7,1,ANDORRA,CEN
60,Germán Valera,2380',38,2,3,0,ANDORRA,DEL
61,Mika,3154',37,1,5,0,ANDORRA,DEF
62,Adrià Altimira,2469',36,1,4,1,ANDORRA,DEF
63,Marc Aguado,2794',36,0,4,0,ANDORRA,CEN
64,Carlos Martínez,1535',35,9,1,1,ANDORRA,DEL
65,Sinan Bakış,2060',33,12,7,0,ANDORRA,DEL
66,Christos Almpanis,1656',31,4,1,0,ANDORRA,DEL
67,Diego Pampín,2161',31,0,2,0,ANDORRA,DEF
68,Jacobo,1181',30,2,4,0,ANDORRA,CEN
69,Sergio Molina,1852',29,2,4,0,ANDORRA,CEN
70,Mustapha Bundu,991',28,3,0,0,ANDORRA,DEL
71,Rubén Bover,1409',28,4,3,0,ANDORRA,CEN
72,Adrià Vilanova,1649',27,0,1,0,ANDORRA,DEF
73,Iván Gil,1509',27,4,2,0,ANDORRA,CEN
74,Jandro Orellana,1263',26,0,4,0,ANDORRA,CEN
75,Diego Alende,1820',22,0,3,0,ANDORRA,DEF
76,Álex Pastor,1246',21,1,0,2,ANDORRA,DEF
77,Nico Ratti,1800',20,0,0,0,ANDORRA,POR
78,Martí Vilà,1229',18,0,3,0,ANDORRA,DEF
79,Raúl Lizoain,1440',16,0,1,0,ANDORRA,POR
80,Álex Petxa,792',13,0,2,0,ANDORRA,DEF
81,Dani Morer,656',12,0,1,1,ANDORRA,DEF
82,Marc Fernández,552',12,0,1,0,ANDORRA,DEL
83,Moha,340',9,0,0,0,ANDORRA,CEN
84,Álex Valle,304',7,0,0,0,ANDORRA,DEF
85,Marc Vidal,540',6,0,0,0,ANDORRA,POR
86,Pau Casadesús,193',4,1,1,0,ANDORRA,DEF
87,Aitor Córdoba,3626',41,0,8,0,BURGOS,DEF
88,José Antonio Caro,3551',41,0,1,1,BURGOS,POR
89,Atienza,3137',40,1,11,0,BURGOS,CEN
90,Elgezabal,3330',39,1,12,0,BURGOS,DEF
91,Miki Muñoz,2058',39,3,10,0,BURGOS,CEN
92,Raúl Navarro,2139',38,0,5,0,BURGOS,DEF
93,Álex Bermejo,2428',37,4,6,1,BURGOS,DEL
94,Areso,2577',37,0,4,0,BURGOS,DEF
95,Pablo Valcarce,1603',37,0,4,0,BURGOS,CEN
96,El Ghezouani,1410',35,3,5,1,BURGOS,DEL
97,Curro Sánchez,2737',34,9,5,1,BURGOS,DEL
98,Artola,1014',32,3,2,0,BURGOS,DEL
99,Gaspar Campos,1665',29,7,1,0,BURGOS,CEN
100,Fran García,1673',28,0,2,0,BURGOS,DEF
101,Matos,2002',28,0,5,0,BURGOS,DEF
102,Grego,1838',25,1,13,0,BURGOS,DEF
103,Borja González,1135',24,0,0,0,BURGOS,DEF
104,Juan Hernández,519',24,0,0,0,BURGOS,CEN
105,David Goldar,1185',16,0,2,0,BURGOS,DEF
106,Míchel Zabaco,913',15,0,1,0,BURGOS,DEF
107,Sergio Castel,537',10,0,2,0,BURGOS,DEL
108,Saúl Berjón,70',9,0,0,0,BURGOS,DEL
109,Dani Barrio,226',3,0,0,0,BURGOS,POR
110,Andy,136',2,0,0,0,BURGOS,CEN
111,Javi López,2',2,0,0,0,BURGOS,DEL
112,Marino Illescas,5',2,0,0,0,BURGOS,CEN
113,Dani Albiar,1868',34,2,1,0,CARTAGENA,CEN
114,Luis Castillo,2590',34,5,4,0,CARTAGENA,CEN
115,Antonio Sánchez,2638',31,2,4,0,CARTAGENA,DEF
116,Nacho Pais,2772',31,2,10,0,CARTAGENA,CEN
117,Sutherland,2210',31,5,5,0,CARTAGENA,DEL
118,Barro,2232',29,1,6,0,CARTAGENA,CEN
119,Diego De Pedro,2033',28,0,4,0,CARTAGENA,CEN
120,Sergi Fernández,1685',27,0,7,1,CARTAGENA,CEN
121,Pedro García,1359',23,0,6,0,CARTAGENA,DEF
122,Enrico Dueñas,909',21,0,4,0,CARTAGENA,CEN
123,Ayán Galván,617',20,4,1,0,CARTAGENA,DEL
124,Jeriel De Santis,1279',20,11,8,0,CARTAGENA,DEL
125,Uriel,1527',20,3,8,0,CARTAGENA,DEF
126,Sergio,1710',19,0,3,0,CARTAGENA,POR
127,Diego Iglesias,1205',18,1,0,0,CARTAGENA,CEN
128,Javi Fernández,1356',18,0,7,1,CARTAGENA,DEF
129,Carlos Sánchez,1326',17,0,2,0,CARTAGENA,DEF
130,Farru,1167',13,1,0,1,CARTAGENA,DEF
131,Josema,492',13,0,0,0,CARTAGENA,DEL
132,Checo,486',12,0,3,0,CARTAGENA,CEN
133,Saldaña,1080',12,0,2,0,CARTAGENA,POR
134,Iván Ayllón,223',9,0,0,0,CARTAGENA,DEL
135,Adrián Sanmartín,233',8,1,3,0,CARTAGENA,DEL
136,Cássio,40',4,0,1,0,CARTAGENA,CEN
137,Marcio Vidal,30',3,0,0,0,CARTAGENA,CEN
138,Neskes,241',3,0,1,0,CARTAGENA,CEN
139,Unai Agirre,270',3,0,2,0,CARTAGENA,POR
140,Lilian de Palmas,32',2,0,0,0,CARTAGENA,DEF
141,Raúl De la Rosa,10',1,0,1,0,CARTAGENA,CEN
142,Corpas,2624',41,4,8,0,EIBAR,CEN
143,Stoichkov,3002',40,12,12,0,EIBAR,CEN
144,Matheus Pereira,3207',39,2,15,0,EIBAR,CEN
145,Jon Bautista,2107',38,6,3,0,EIBAR,DEL
146,Javi Muñoz,2296',37,0,6,3,EIBAR,CEN
147,Sergio Álvarez,2905',37,0,8,1,EIBAR,CEN
148,Álvaro Tejero,2596',35,2,3,0,EIBAR,DEF
149,Arbilla,3021',35,0,9,0,EIBAR,DEF
150,Juan Berrocal,2732',33,1,11,0,EIBAR,DEF
151,Nolaskoain,1930',32,2,9,0,EIBAR,CEN
152,Yanis Rahmani,1678',32,4,2,0,EIBAR,CEN
153,Luca Zidane,2790',31,0,3,0,EIBAR,POR
154,Quique,800',30,4,1,0,EIBAR,DEL
155,Blanco Leschuk,1118',29,4,5,0,EIBAR,DEL
156,Frederico Venâncio,2302',29,1,6,2,EIBAR,DEF
157,Imanol García,2026',27,0,1,0,EIBAR,DEF
158,Vadillo,491',22,0,4,1,EIBAR,CEN
159,Aketxe,772',21,2,4,0,EIBAR,CEN
160,Ángel Troncho,336',14,0,1,0,EIBAR,CEN
161,Rober Correa,725',13,0,5,1,EIBAR,DEF
162,Ríos Reina,605',12,0,0,0,EIBAR,DEF
163,Yoel,990',11,0,0,0,EIBAR,POR
164,Arana,72',5,0,0,0,EIBAR,DEL
165,Chema,161',5,0,3,0,EIBAR,DEF
166,Lasure,94',2,0,1,0,EIBAR,DEF
167,Iker Alday,2',1,0,0,0,EIBAR,DEF
168,Juan Otero,3200',41,7,9,0,GIJON,DEL
169,Pablo Insua,3011',36,2,9,0,GIJON,DEF
170,Guille Rosas,2929',35,1,7,1,GIJON,DEF
171,Cristo,1669',34,5,4,0,GIJON,DEL
172,Carlos Izquierdoz,2911',34,1,6,0,GIJON,DEF
173,Cote,2573',33,0,6,0,GIJON,DEF
174,Pedro Díaz,2426',33,4,3,0,GIJON,CEN
175,Aitor García,1282',32,6,1,0,GIJON,DEL
176,Uroš Đurđević,1957',32,4,10,0,GIJON,DEL
177,Dani Queipo,1603',31,3,1,0,GIJON,CEN
178,Giovanni Zarfino,1987',27,3,7,0,GIJON,CEN
179,Cuéllar,2209',25,0,3,0,GIJON,POR
180,Christian Rivera,1513',24,0,8,0,GIJON,CEN
181,Pol Valentín,904',22,0,1,0,GIJON,DEF
182,Jordán Carrillo,718',21,1,1,0,GIJON,DEL
183,Campuzano,750',20,2,3,0,GIJON,DEL
184,Diego Sánchez,1346',20,1,3,1,GIJON,DEF
185,Jony,523',18,1,0,1,GIJON,DEL
186,José Gragera,1192',17,2,2,0,GIJON,CEN
187,Mariño,1530',17,0,0,0,GIJON,POR
188,Jonathan Varane,911',17,0,2,0,GIJON,CEN
189,Nacho Martín,692',16,0,3,0,GIJON,CEN
190,José Marsà,998',13,0,1,1,GIJON,DEF
191,Bruno,934',12,0,2,0,GIJON,DEF
192,Uroš Milovanović,345',12,0,3,0,GIJON,DEL
193,Ignacio Jeraldino,335',8,0,1,0,GIJON,DEL
194,Axel Bamba,275',7,0,0,0,GIJON,DEF
195,Jordi Pola,387',7,0,0,0,GIJON,DEF
196,Nacho Méndez,79',3,0,0,0,GIJON,CEN
197,Leonel Miguel,47',2,0,0,0,GIJON,DEF
198,David Argüelles,10',1,0,0,0,GIJON,DEF
199,Guillermo De Amores,41',1,0,0,0,GIJON,POR
200,Gaspar Campos,5',1,0,0,0,GIJON,CEN
201,Juan Aspra,7',1,0,0,0,GIJON,CEN
202,Marcos Trabanco,74',1,0,1,0,GIJON,CEN
203,José Callejón,3055',42,4,4,0,GRANADA,DEL
204,Myrto Uzuni,3038',38,22,6,0,GRANADA,DEL
205,Óscar Melendo,2298',35,1,3,0,GRANADA,CEN
206,Puertas,2209',35,4,4,0,GRANADA,DEL
207,Bryan Zaragoza,1067',34,5,3,0,GRANADA,DEL
208,Ignasi Miquel,2650',33,0,9,0,GRANADA,DEF
209,Ricard Sánchez,2547',33,3,6,0,GRANADA,DEF
210,Yann Bodiger,2203',32,0,8,0,GRANADA,CEN
211,Miguel Rubio,2635',32,1,8,0,GRANADA,DEF
212,Quini,1793',31,0,8,0,GRANADA,DEF
213,Raúl,2638',31,0,2,1,GRANADA,POR
214,Víctor Díaz,2046',29,1,6,0,GRANADA,DEF
215,Neva,2264',27,2,2,0,GRANADA,DEF
216,Njegoš Petrović,1541',26,0,3,0,GRANADA,CEN
217,Jorge Molina,1045',25,3,1,0,GRANADA,DEL
218,Víctor Meseguer,1140',23,1,5,0,GRANADA,DEL
219,Alberto Perea,653',21,2,1,0,GRANADA,CEN
220,Sergio Ruiz,973',19,1,2,0,GRANADA,CEN
221,Alberto Soro,418',15,0,1,0,GRANADA,DEL
222,Erick Cabaco,962',15,0,2,1,GRANADA,DEF
223,Pol Lozano,994',14,0,4,0,GRANADA,CEN
224,Shon Weissman,771',13,1,1,0,GRANADA,DEL
225,Jonathan Silva,512',12,0,1,0,GRANADA,DEF
226,André Ferreira,965',11,0,0,0,GRANADA,POR
227,Famara Diédhiou,154',10,0,1,0,GRANADA,DEL
228,Matías Arezo,202',9,1,1,0,GRANADA,DEL
229,Rubén Rochina,225',8,0,2,0,GRANADA,DEL
230,Pepe Sánchez,116',3,0,0,0,GRANADA,DEF
231,Adri López,173',2,0,0,0,GRANADA,POR
232,Raúl Torrente,42',2,0,0,0,GRANADA,DEF
233,Miki Bosch,85',1,0,0,0,GRANADA,DEF
234,Andrés Fernández,3780',42,0,2,0,HUESCA,POR
235,Gerard Valentín,2026',38,1,11,0,HUESCA,CEN
236,Juan Carlos,2682',38,8,7,1,HUESCA,CEN
237,Andrei Ratiu,3348',38,2,5,0,HUESCA,DEF
238,Jorge Pulido,3081',37,2,6,2,HUESCA,DEF
239,Florian Miguel,3202',37,1,7,1,HUESCA,DEF
240,David Timor,2203',35,0,9,0,HUESCA,CEN
241,Kento Hashimoto,1796',33,0,5,0,HUESCA,CEN
242,Aboubakary Kanté,1064',31,3,3,0,HUESCA,DEL
243,Marc Mateu,2007',31,2,3,0,HUESCA,CEN
244,Jérémy Blasco,2457',29,1,4,0,HUESCA,DEF
245,Ignasi Vilarrasa,1219',29,0,2,0,HUESCA,DEF
246,Cristian,1954',28,0,7,0,HUESCA,CEN
247,Sielva,1294',24,2,7,0,HUESCA,CEN
248,Joaquín Muñoz,1105',22,2,4,0,HUESCA,CEN
249,Patrick Soko,882',22,0,3,0,HUESCA,CEN
250,Carrillo,924',21,2,1,0,HUESCA,DEL
251,Dani Escriche,973',20,1,2,0,HUESCA,DEL
252,Tomeo,929',19,0,4,0,HUESCA,CEN
253,Samuel Obeng,1264',17,5,0,0,HUESCA,DEL
254,Rubén Pulido,1290',16,0,4,0,HUESCA,DEF
255,Javi Martínez,429',12,2,1,0,HUESCA,CEN
256,Kevin Carlos,532',11,1,3,0,HUESCA,DEL
257,Enzo Lombardo,310',10,0,2,0,HUESCA,CEN
258,Juan Villar,84',7,0,1,1,HUESCA,DEL
259,Juanjo Nieto,246',6,0,1,0,HUESCA,DEF
260,Manu Rico,122',4,0,1,0,HUESCA,DEL
261,Hugo Anglada,226',3,0,0,0,HUESCA,DEF
262,Diego Aznar,2',2,0,0,0,HUESCA,DEL
263,Euse Monzó,25',2,0,0,0,HUESCA,DEF
264,Ekain Zenitagoia,2873',39,5,7,0,IBIZA,DEL
265,Daniel Fuzato,3330',37,0,3,0,IBIZA,POR
266,Suleiman Camara,1858',37,2,8,0,IBIZA,DEL
267,Kévin Appin,2012',35,0,5,0,IBIZA,CEN
268,Cristian Herrera,2885',35,9,8,0,IBIZA,DEL
269,Javi Vázquez,2221',34,0,7,0,IBIZA,DEF
270,Martín Pascual,2775',34,0,10,0,IBIZA,DEF
271,Morante,1612',32,1,10,1,IBIZA,CEN
272,Nolito,1103',27,1,5,0,IBIZA,DEL
273,Pape Diop,1518',26,2,6,1,IBIZA,CEN
274,Coke,1666',23,2,4,0,IBIZA,DEF
275,Gonzalo Escobar,1528',23,0,5,0,IBIZA,DEF
276,Mateusz Bogusz,1143',22,2,0,1,IBIZA,CEN
277,Juan Ibiza,1657',21,2,5,0,IBIZA,DEF
278,Fran Grima,1431',19,0,3,0,IBIZA,DEF
279,Darío Poveda,768',18,1,0,0,IBIZA,DEL
280,Lautaro Grillo,1437',17,1,6,1,IBIZA,DEF
281,Isma Ruiz,970',16,0,5,0,IBIZA,CEN
282,Sergio Castel,668',16,0,4,0,IBIZA,DEL
283,Javier Serrano,1217',15,0,4,0,IBIZA,CEN
284,Miki Villar,569',15,1,1,0,IBIZA,CEN
285,David Goldar,1042',13,0,6,0,IBIZA,DEL
286,Lukáš Juliš,439',13,1,2,1,IBIZA,DEL
287,Kaxe,300',13,1,1,0,IBIZA,DEL
288,Williams Alarcón,514',12,0,0,0,IBIZA,CEN
289,Joseda,898',11,0,2,0,IBIZA,DEF
290,Miguel Azeez,595',10,0,3,0,IBIZA,CEN
291,Armando Shashoua,406',10,0,1,0,IBIZA,CEN
292,Gálvez,358',8,0,3,0,IBIZA,DEF
293,Marcos López,471',8,0,2,1,IBIZA,DEF
294,Álvaro,369',6,0,2,0,IBIZA,DEF
295,Zé Carlos,385',6,0,1,0,IBIZA,POR
296,Germán,442',5,0,2,0,IBIZA,POR
297,Alejandro Sánchez,46',3,1,0,0,IBIZA,CEN
298,Fede Vico,1696',40,1,5,1,LEGANES,CEN
299,Jorge Miramón,3452',40,1,8,0,LEGANES,DEF
300,José Arnáiz,3197',38,9,6,0,LEGANES,DEL
301,Jorge Sáenz,3202',37,0,11,0,LEGANES,DEF
302,Allan Nyom,2858',36,1,12,0,LEGANES,DEF
303,Rubén Pardo,1859',34,1,6,0,LEGANES,CEN
304,Seydouba Cissé,2348',33,4,9,0,LEGANES,CEN
305,Iker Undabarrena,2585',33,0,7,0,LEGANES,CEN
306,Riesgo,2908',33,0,1,0,LEGANES,POR
307,Sergio Gónzalez,2751',33,1,3,0,LEGANES,DEF
308,Dani Raba,1685',31,4,10,0,LEGANES,DEL
309,Juan Muñoz,1751',31,7,7,1,LEGANES,DEL
310,Gaku Shibasaki,1743',30,0,4,1,LEGANES,CEN
311,Yacine Qasmi,542',29,2,5,1,LEGANES,DEL
312,Josema,1424',25,0,3,0,LEGANES,DEF
313,Kenneth Omeruo,1563',22,1,3,0,LEGANES,DEF
314,Yvan Neyou,976',21,0,2,1,LEGANES,CEN
315,Jon Karrikaburu,1069',19,3,3,0,LEGANES,DEL
316,Naim García,416',15,2,1,0,LEGANES,DEL
317,Enric Franquesa,923',13,0,0,0,LEGANES,DEF
318,Juanjo Narváez,540',12,0,1,0,LEGANES,DEL
319,Dani Jiménez,872',10,0,0,0,LEGANES,POR
320,Riza Durmisi,550',10,0,3,0,LEGANES,DEF
321,Piotr Parzyszek,247',9,0,1,0,LEGANES,DEL
322,Javier Avilés,13',3,0,0,1,LEGANES,CEN
323,Manu Garrido,8',3,0,0,0,LEGANES,DEL
324,Sergio Navarro,45',3,0,0,0,LEGANES,CEN
325,Vasyl Kravets,106',2,0,0,0,LEGANES,DEF
326,Lalo Aguilar,17',2,0,0,0,LEGANES,DEF
327,Dorian,9',1,0,0,0,LEGANES,DEL
328,Luis Perea,88',1,0,1,0,LEGANES,CEN
329,Joni Montiel,2503',39,7,10,0,LEVANTE,CEN
330,Jorge De Frutos,3035',39,3,6,1,LEVANTE,DEL
331,Pepelu,3175',39,1,9,0,LEVANTE,CEN
332,Mohamed Bouldini,2008',36,8,8,0,LEVANTE,DEL
333,Iborra,2857',36,2,7,0,LEVANTE,CEN
334,Wesley,1523',36,3,7,0,LEVANTE,DEL
335,Alejandro Cantero,1280',35,3,4,0,LEVANTE,DEL
336,Álex Muñoz,2536',34,0,8,0,LEVANTE,DEF
337,Dani Cárdenas,3060',34,0,4,0,LEVANTE,POR
338,Róber,2756',34,0,3,0,LEVANTE,DEF
339,Son,2405',34,1,3,0,LEVANTE,DEF
340,Pablo Martínez,1442',27,2,3,1,LEVANTE,CEN
341,Rúben Vezo,2290',27,0,8,0,LEVANTE,DEF
342,Marcelo Saracchi,1525',25,0,6,1,LEVANTE,DEF
343,Soldado,907',25,2,8,0,LEVANTE,DEL
344,Marc Pubill,1521',24,1,4,0,LEVANTE,DEF
345,Rober Ibáñez,845',24,4,3,0,LEVANTE,DEL
346,José Campaña,1312',21,5,5,0,LEVANTE,CEN
347,Sergio Postigo,1558',21,0,6,0,LEVANTE,DEF
348,Brugui,999',20,2,1,1,LEVANTE,DEL
349,Charly Musonda,367',17,0,4,0,LEVANTE,CEN
350,Enric Franquesa,559',11,0,0,0,LEVANTE,DEF
351,Joan Femenías,720',8,0,0,0,LEVANTE,POR
352,Shkodran Mustafi,112',3,1,0,0,LEVANTE,DEF
353,Gonzalo Melero,144',2,0,0,0,LEVANTE,CEN
354,Andrés Garcia,11',1,0,0,0,LEVANTE,DEL
355,Carlos Giménez,23',1,0,1,0,LEVANTE,DEF
356,Edgar Alcañiz,9',1,0,0,0,LEVANTE,CEN
357,Hugo Redón,1',1,0,0,0,LEVANTE,CEN
358,Sebas Moyano,2800',41,5,1,0,LUGO,DEL
359,Miguel Loureiro,3351',40,1,10,0,LUGO,DEF
360,Jaume Cuéllar,1999',38,2,6,0,LUGO,DEL
361,Óscar Whalley,3420',38,0,1,0,LUGO,POR
362,Alberto Rodríguez,3157',36,3,4,2,LUGO,DEF
363,Ángel Baena,1482',35,1,1,0,LUGO,DEL
364,Pablo Clavería,1796',33,0,8,0,LUGO,CEN
365,Señé,2393',33,2,6,0,LUGO,CEN
366,Xavi Torres,2640',33,2,8,0,LUGO,CEN
367,Moctar El Hacen,1530',32,0,5,0,LUGO,CEN
368,Manu Barreiro,1585',32,2,3,0,LUGO,DEL
369,Zé Ricardo,2176',30,0,12,0,LUGO,DEF
370,Marc Carbó,1317',29,0,3,0,LUGO,CEN
371,Chris Ramos,1902',24,7,2,0,LUGO,DEL
372,Juanpe,1369',23,1,6,1,LUGO,CEN
373,Jordi Calavera,899',20,0,3,1,LUGO,DEF
374,Andoni López,1083',16,0,2,0,LUGO,DEF
375,Javier Avilés,987',16,1,1,0,LUGO,CEN
376,Guilherme Guedes,708',13,0,3,1,LUGO,CEN
377,Orest Lebedenko,402',12,0,0,0,LUGO,DEF
378,Idrissa Thiam,376',12,0,0,0,LUGO,DEL
379,Aleksandar Pantić,593',10,0,3,0,LUGO,DEF
380,Neyder Lozano,722',9,0,4,0,LUGO,DEF
381,Bruno Pirri,486',8,0,3,0,LUGO,DEF
382,Jesús Fernández,569',8,0,0,0,LUGO,CEN
383,Castrín,364',7,0,1,0,LUGO,DEF
384,Marko Šćepović,171',7,0,0,0,LUGO,DEL
385,Álex Pérez,452',6,0,0,0,LUGO,DEF
386,Leandro Antonetti,215',5,0,0,0,LUGO,DEL
387,Ces Cotos,86',4,0,1,0,LUGO,CEN
388,Patrick Sequeira,360',4,0,2,0,LUGO,POR
389,Dani Vidal,34',3,0,0,0,LUGO,CEN
390,Álex Ramos,20',1,0,0,0,LUGO,CEN
391,Christian Martínez,3',1,0,0,0,LUGO,DEL
392,Joselu,3',1,0,0,0,LUGO,DEL
393,Aleix Febas,3228',41,0,7,0,MALAGA,CEN
394,Rubén Castro,2925',41,10,0,0,MALAGA,DEL
395,Escassi,2530',34,2,9,0,MALAGA,CEN
396,Francisco Villalba,2307',34,1,7,0,MALAGA,DEL
397,Fran Sol,1226',32,3,2,0,MALAGA,DEF
398,Esteban Burgos,2393',31,1,11,2,MALAGA,DEF
399,Luis Muñoz,1351',30,1,6,0,MALAGA,CEN
400,Rubén Yáñez,2610',29,0,2,0,MALAGA,POR
401,Juande,2082',28,1,2,0,MALAGA,DEF
402,Ramalho,2088',27,0,1,0,MALAGA,DEF
403,Cristian Gutiérrez,1905',26,2,2,0,MALAGA,DEL
404,Javi Jiménez,1978',26,1,4,1,MALAGA,DEF
405,Pablo Chavarría,1245',24,5,1,0,MALAGA,DEL
406,Loren Zúñiga,483',23,0,4,0,MALAGA,DEL
407,Jozabed,1010',22,0,1,0,MALAGA,CEN
408,Alfred N'Diaye,1615',22,0,12,0,MALAGA,CEN
409,Ramón,940',20,0,3,0,MALAGA,CEN
410,Álex Gallar,880',19,1,0,0,MALAGA,DEL
411,Genaro,927',19,0,5,1,MALAGA,CEN
412,Delmás,1420',17,0,2,0,MALAGA,DEF
413,Lago Júnior,1219',17,4,2,0,MALAGA,DEL
414,Juanfran,1269',16,0,1,0,MALAGA,DEF
415,Manolo Reina,1170',13,0,5,1,MALAGA,POR
416,Pablo Hervías,546',13,0,2,0,MALAGA,CEN
417,Alejandro Calvo,254',11,1,1,0,MALAGA,DEL
418,Arvin Appiah,134',10,1,0,0,MALAGA,DEL
419,Bustinza,705',10,0,0,0,MALAGA,DEF
420,Dani Lorenzo,162',7,1,1,0,MALAGA,CEN
421,Issa Fomba,161',6,0,0,0,MALAGA,DEL
422,Haitam Abaida,101',4,1,0,0,MALAGA,DEL
423,Víctor Olmo,97',3,0,0,0,MALAGA,DEF
424,Lumor Agbenyenu,104',2,0,0,0,MALAGA,DEF
425,Andrés Caro,71',2,0,1,0,MALAGA,DEF
426,Moussa Diarra,90',1,0,1,0,MALAGA,DEF
427,Diego Murillo,1',1,0,0,0,MALAGA,DEF
428,Bilal Ouacharaf,32',1,0,1,0,MALAGA,DEF
429,Rodriguez Ruiz,0,1,0,1,1,MALAGA,CEN
430,José Salinas,3682',41,2,7,0,MIRANDES,DEF
431,Oriol Rey,3325',41,0,6,0,MIRANDES,CEN
432,Roberto López,2490',40,7,4,0,MIRANDES,CEN
433,Beñat Prados,2565',39,0,9,1,MIRANDES,CEN
434,Raúl,3234',39,19,3,0,MIRANDES,DEL
435,Óscar Pinchi,2650',38,6,4,0,MIRANDES,DEL
436,Álex Martín,3226',37,1,7,0,MIRANDES,DEF
437,Juanlu Sánchez,2792',37,2,4,0,MIRANDES,DEL
438,Alfonso Herrero,2893',33,0,1,1,MIRANDES,POR
439,Barbu,2693',30,3,10,0,MIRANDES,DEF
440,Jofre Carreras,599',27,1,0,1,MIRANDES,DEL
441,Raúl Navas,2169',27,1,6,0,MIRANDES,DEF
442,César Gelabert,1603',25,2,2,0,MIRANDES,CEN
443,Manu García,527',25,2,6,1,MIRANDES,CEN
444,Raúl Parra,1154',19,0,1,0,MIRANDES,DEF
445,Nikos Michelis,1197',16,0,1,0,MIRANDES,DEF
446,Nico Serrano,872',16,0,1,0,MIRANDES,DEL
447,Álvaro Sanz,733',15,0,2,1,MIRANDES,CEN
448,Javier Llabrés,341',14,1,0,0,MIRANDES,DEL
449,Marcos Paulo,655',13,1,0,0,MIRANDES,CEN
450,Samuel Mráz,199',11,0,0,0,MIRANDES,DEL
451,David Vicente,224',9,0,1,0,MIRANDES,DEF
452,Javier Serrano,229',9,0,0,0,MIRANDES,CEN
453,Ramón Juan,797',9,0,0,0,MIRANDES,POR
454,Nacho Castillo,61',6,0,0,0,MIRANDES,CEN
455,Santos,198',6,0,0,0,MIRANDES,DEF
456,Simón Moreno,120',6,0,1,0,MIRANDES,DEL
457,Juan Durán,83',2,0,1,0,MIRANDES,DEF
458,Salifo Caropitche,2',1,0,1,0,MIRANDES,DEL
459,Žiga Frelih,90',1,0,0,0,MIRANDES,POR
460,Lucas Ahijado,3469',40,0,6,0,OVIEDO,DEF
461,Abel Bretones,2878',39,0,7,0,OVIEDO,CEN
462,Dani Calvo,3177',36,2,7,0,OVIEDO,DEF
463,Hugo Rama,1999',34,0,4,0,OVIEDO,CEN
464,Sergi Enrich,1873',34,7,1,1,OVIEDO,DEL
465,Borja González,2503',33,8,7,0,OVIEDO,DEL
466,Luismi,2643',31,1,16,1,OVIEDO,CEN
467,Viti,2123',29,2,1,0,OVIEDO,DEL
468,Montoro,1670',28,1,8,0,OVIEDO,CEN
469,Quentin Braat,2294',26,0,2,0,OVIEDO,POR
470,Borja Sánchez,1206',24,1,3,0,OVIEDO,CEN
471,Jimmy,1496',23,1,5,0,OVIEDO,CEN
472,Rodrigo Tarín,2001',23,1,7,0,OVIEDO,DEL
473,David Costas,1860',22,1,4,0,OVIEDO,DEF
474,Samuel Obeng,808',22,1,3,0,OVIEDO,DEL
475,Koba Koindredi,929',18,1,0,0,OVIEDO,CEN
476,Tomeu Nadal,1486',17,0,0,0,OVIEDO,POR
477,Manu Vallejo,790',16,4,1,0,OVIEDO,DEL
478,Raúl Moro,562',16,0,3,0,OVIEDO,DEL
479,Mangel,547',15,0,2,0,OVIEDO,CEN
480,Pomares,719',15,0,2,0,OVIEDO,DEF
481,Marcelo Flores,571',13,0,0,0,OVIEDO,DEL
482,Leonardo Sequeira,269',12,1,0,0,OVIEDO,CEN
483,Oier Luengo,842',11,0,2,0,OVIEDO,DEF
484,Víctor Camarasa,623',11,0,1,0,OVIEDO,CEN
485,Daniel Aceves,791',10,0,1,1,OVIEDO,DEF
486,Javi Mier,365',10,0,2,0,OVIEDO,CEN
487,Sangalli,506',10,0,2,0,OVIEDO,DEL
488,Masca,170',9,1,1,0,OVIEDO,DEL
489,Miguelón,122',4,0,1,0,OVIEDO,DEF
490,Yayo,69',3,0,0,0,OVIEDO,CEN
491,Juanfran,22',2,0,0,0,OVIEDO,DEF
492,Enol,45',1,0,0,0,OVIEDO,DEL
493,Mario Sesé,46',1,0,0,0,OVIEDO,DEL
494,Alberto Moleiro,2710',40,0,4,0,PALMAS,CEN
495,Álex Suárez,3055',40,1,9,0,PALMAS,DEF
496,Enzo Loiodice,3040',39,4,9,0,PALMAS,CEN
497,Sergi Cardona,3130',39,0,10,0,PALMAS,DEF
498,Marc Cardona,2060',36,7,5,0,PALMAS,DEL
499,Saúl Coco,2988',36,1,8,0,PALMAS,DEF
500,Álvaro Valles,3060',34,0,2,0,PALMAS,POR
501,Éric Curbelo,2650',34,1,8,0,PALMAS,DEF
502,Pejiño,1859',33,6,3,0,PALMAS,DEL
503,Jonathan Viera,2536',32,7,5,0,PALMAS,CEN
504,Fabio,1429',31,0,7,0,PALMAS,CEN
505,Oménuké Mfulu,2289',30,0,6,1,PALMAS,CEN
506,Óscar Clemente,1489',29,1,3,0,PALMAS,CEN
507,Álvaro Jiménez,1206',26,3,3,0,PALMAS,DEL
508,Lemos,1176',24,1,0,0,PALMAS,DEF
509,Marvin,920',24,1,4,0,PALMAS,DEF
510,Sandro,1213',21,7,4,0,PALMAS,DEL
511,Florin Andone,514',19,2,5,0,PALMAS,DEL
512,Sidnei,1095',19,1,2,0,PALMAS,DEF
513,Benito,431',14,1,0,0,PALMAS,DEL
514,Kike Clemente,580',14,0,2,0,PALMAS,DEF
515,Wilfrid Kaptoum,348',11,0,1,0,PALMAS,CEN
516,Loren Morón,480',11,1,2,0,PALMAS,DEL
517,Álex Domínguez,720',8,0,1,0,PALMAS,POR
518,Vitolo,108',8,0,0,1,PALMAS,DEL
519,Kirian Rodríguez,350',5,0,0,0,PALMAS,CEN
520,Ale García,4',2,0,0,0,PALMAS,DEL
521,Óscar Pinchi,81',2,1,0,0,PALMAS,DEL
522,Edu Espiau,2423',40,5,7,0,PONFERRADINA,DEL
523,Derik Lacerda,2223',38,3,8,1,PONFERRADINA,DEL
524,Dani Ojeda,2743',37,5,8,0,PONFERRADINA,DEL
525,Yuri,1577',37,9,1,1,PONFERRADINA,DEL
526,Naranjo,2100',36,3,6,1,PONFERRADINA,DEL
527,Kelechi Nwakali,2704',36,1,11,0,PONFERRADINA,CEN
528,París Adot,2923',36,0,10,0,PONFERRADINA,DEF
529,Alexandru Pașcanu,3059',36,2,10,0,PONFERRADINA,DEF
530,José Amo,2596',34,2,12,0,PONFERRADINA,DEF
531,Moi Delgado,2076',34,0,5,0,PONFERRADINA,DEF
532,Agus Medina,2442',33,1,10,0,PONFERRADINA,CEN
533,Amir Abedzadeh,2700',30,0,5,0,PONFERRADINA,POR
534,Adrian Diéguez,2030',30,0,9,1,PONFERRADINA,DEF
535,Hugo Vallejo,1542',29,3,4,0,PONFERRADINA,DEL
536,Erik Morán,1437',25,0,6,0,PONFERRADINA,CEN
537,Sabit Abdulai,731',19,0,5,0,PONFERRADINA,CEN
538,Heriberto Tavares,427',19,0,4,0,PONFERRADINA,DEL
539,Adri Castellano,1218',17,1,4,0,PONFERRADINA,DEF
540,Ale Díez,688',17,1,1,0,PONFERRADINA,DEF
541,Naim García,844',16,1,3,0,PONFERRADINA,CEN
542,Soufiane Chakla,1030',13,0,0,0,PONFERRADINA,DEF
543,Aldair,346',8,0,1,0,PONFERRADINA,DEF
544,Jordan Lukaku,319',7,0,2,0,PONFERRADINA,DEF
545,Giorgi Makaridze,630',7,0,1,0,PONFERRADINA,POR
546,Miguel San Román,450',5,0,0,0,PONFERRADINA,POR
547,Juan Hernández,4',2,0,0,0,PONFERRADINA,CEN
548,Raúl,10',2,0,0,0,PONFERRADINA,DEL
549,Ricard Pujol,132',2,0,0,0,PONFERRADINA,DEF
550,Kuki Zalazar,49',2,0,0,0,PONFERRADINA,DEL
551,Paul Anton,3',1,0,0,0,PONFERRADINA,CEN
552,Covi,45',1,0,0,0,PONFERRADINA,DEF
553,Iñigo Vicente,2885',40,7,5,0,SANTANDER,DEL
554,Miquel Parera,3262',37,0,3,1,SANTANDER,POR
555,Dani Fernández,2710',35,0,5,0,SANTANDER,DEF
556,Íñigo,2787',35,0,10,2,SANTANDER,CEN
557,Jordi Mboula,2382',35,6,0,0,SANTANDER,DEL
558,Rubén Alves,3003',35,0,5,0,SANTANDER,DEF
559,Aritz Aldasoro,2044',34,1,10,1,SANTANDER,CEN
560,Matheus Aiás,1607',34,3,4,0,SANTANDER,DEL
561,Pol Moreno,2394',33,1,2,0,SANTANDER,DEF
562,Pombo,2136',32,4,5,1,SANTANDER,CEN
563,Juergen Elitim,1971',29,2,8,1,SANTANDER,CEN
564,Saúl García,1766',28,1,3,0,SANTANDER,DEF
565,Fausto,1198',26,0,4,0,SANTANDER,CEN
566,Satrústegui,1933',25,0,3,0,SANTANDER,DEF
567,Peque,567',23,1,3,0,SANTANDER,DEL
568,Arturo Molina,741',22,1,2,0,SANTANDER,CEN
569,Germán,1682',21,1,5,1,SANTANDER,POR
570,Camus,646',20,0,1,0,SANTANDER,DEL
571,Sekou Gassama,835',16,1,2,0,SANTANDER,DEL
572,Sangalli,608',15,0,2,0,SANTANDER,DEL
573,Unai Medina,879',15,0,2,0,SANTANDER,DEF
574,Álvaro Mantilla,861',14,0,4,0,SANTANDER,DEF
575,Roko Baturina,898',14,4,1,0,SANTANDER,DEL
576,Yeray Cabanzón,366',11,2,0,0,SANTANDER,CEN
577,Alfon González,220',8,0,0,0,SANTANDER,DEL
578,Cedric Omoigui,148',8,1,0,0,SANTANDER,DEL
579,Jokin Ezkieta,515',6,0,0,0,SANTANDER,POR
580,Ayoub Jabbari,16',3,0,0,0,SANTANDER,DEL
581,Mario García,225',3,1,0,0,SANTANDER,DEF
582,Dalisson de Almeida,7',1,0,0,0,SANTANDER,CEN
583,Jorge Delgado,1',1,0,0,0,SANTANDER,DEL
584,Pablo Bobadilla,9',1,0,0,0,SANTANDER,DEF
585,Juan Soriano,3529',40,0,5,0,TENERIFE,POR
586,Roberto López,2875',40,7,4,0,TENERIFE,CEN
587,Álex Corredera,3263',39,1,4,0,TENERIFE,CEN
588,Sergio González,2405',39,2,10,0,TENERIFE,DEF
589,Ángel,1833',37,10,4,2,TENERIFE,DEL
590,Enric Gallego,2418',36,6,12,0,TENERIFE,DEL
591,Jérémy Mellot,2877',34,2,7,0,TENERIFE,DEF
592,Teto,1207',33,3,4,0,TENERIFE,CEN
593,José Amo,2485',32,0,12,0,TENERIFE,DEF
594,Luismi Cruz,2010',31,3,7,1,TENERIFE,DEL
595,Nacho,1753',31,1,5,0,TENERIFE,DEF
596,Yann Bodiger,1081',30,1,4,0,TENERIFE,CEN
597,Aitor Buñuel,1533',28,0,4,0,TENERIFE,DEF
598,León,2179',25,1,1,0,TENERIFE,DEF
599,Waldo Rubio,1384',24,1,5,0,TENERIFE,DEL
600,Aitor Sanz,1658',22,0,8,0,TENERIFE,CEN
601,Fernando Medrano,1552',21,0,3,0,TENERIFE,DEF
602,Loic Williams,1382',21,0,6,0,TENERIFE,DEF
603,Nikola Šipčić,935',17,0,5,0,TENERIFE,DEF
604,Yanis Rahmani,836',14,0,2,0,TENERIFE,CEN
605,Elady Zorrilla,513',12,0,2,0,TENERIFE,DEL
606,Mohammed Dauda,354',11,0,3,0,TENERIFE,DEL
607,Belza,310',10,0,1,0,TENERIFE,CEN
608,Alassán,183',9,0,0,0,TENERIFE,DEL
609,Álvaro Jiménez,378',8,0,2,0,TENERIFE,DEL
610,Álvaro Romero,90',8,0,0,0,TENERIFE,DEL
611,Ethyan,26',4,0,0,0,TENERIFE,DEL
612,Tomeu Nadal,251',3,0,0,0,TENERIFE,POR
613,Salifo Caropitche,13',2,0,0,0,TENERIFE,DEL
614,Dylan,32',2,0,0,0,TENERIFE,CEN
615,Pablo Hernández,11',2,0,0,0,TENERIFE,CEN
616,Cacho Guzmán,24',1,0,0,0,TENERIFE,DEL
617,Dawda Dambelleh,19',1,0,0,0,TENERIFE,DEL
618,Javi Alonso,17',1,0,0,0,TENERIFE,CEN
619,Fer Niño,2540',39,4,2,0,VILLARREALB,DEL
620,Dani Tasende,3013',38,3,6,0,VILLARREALB,DEF
621,Alberto Del Moral,3329',37,1,6,0,VILLARREALB,CEN
622,Carlo García,2680',35,3,7,0,VILLARREALB,CEN
623,De la Fuente,3014',35,2,9,0,VILLARREALB,DEF
624,Diego Collado,2312',34,5,3,1,VILLARREALB,DEL
625,Pacheco,1155',33,3,2,0,VILLARREALB,CEN
626,Álex Forés,966',32,2,1,0,VILLARREALB,DEL
627,Sergio Carreira,2216',31,2,1,0,VILLARREALB,DEF
628,Miguel Leal,2189',30,1,6,0,VILLARREALB,DEF
629,Sergio Lozano,2101',28,5,7,0,VILLARREALB,CEN
630,Haissem Hassan,1208',27,0,2,0,VILLARREALB,DEL
631,Javi Ontiveros,1039',25,3,4,0,VILLARREALB,DEL
632,Mamadou Mbacke,1990',25,3,6,0,VILLARREALB,DEF
633,Carlos Romero,1001',24,0,3,0,VILLARREALB,DEF
634,Iker Álvarez,2070',23,0,1,0,VILLARREALB,POR
635,Álex Millán,1345',20,4,3,0,VILLARREALB,DEL
636,Pablo Íñiguez,1500',19,2,2,0,VILLARREALB,DEF
637,Thiago Ojeda,572',14,1,1,0,VILLARREALB,DEL
638,Tiago Geralnik,521',13,1,1,0,VILLARREALB,CEN
639,Nikita Iosifov,214',13,1,0,0,VILLARREALB,CEN
640,Abraham Rando,811',12,0,1,0,VILLARREALB,DEF
641,Arana,370',12,2,4,0,VILLARREALB,DEL
642,Filip Jørgensen,990',11,0,2,0,VILLARREALB,POR
643,Rodrigo Alonso,509',9,0,1,0,VILLARREALB,CEN
644,Gianni Cassaro,720',8,0,0,0,VILLARREALB,POR
645,Hugo Pérez,456',6,0,4,0,VILLARREALB,DEF
646,Ramón Terrats,445',5,0,2,0,VILLARREALB,CEN
647,Liberman Torres,121',4,0,0,0,VILLARREALB,DEF
648,Daniel Clavijo,79',1,0,0,0,VILLARREALB,CEN
649,Iker Goujón,15',1,0,0,0,VILLARREALB,DEL
650,Reque,11',1,0,0,0,VILLARREALB,CEN
651,Valentín Vada,2061',37,4,7,0,ZARAGOZA,CEN
652,Francho,2518',36,1,3,0,ZARAGOZA,CEN
653,Jair Amador,3115',36,3,5,0,ZARAGOZA,DEF
654,Puche,1176',36,1,3,0,ZARAGOZA,DEL
655,Giuliano Simeone,2814',36,9,4,0,ZARAGOZA,DEL
656,Cristian Álvarez,3150',35,0,2,0,ZARAGOZA,POR
657,Jaume Grau,2250',35,1,10,0,ZARAGOZA,DEL
658,Fran Gámez,2429',34,1,7,0,ZARAGOZA,DEF
659,Bermejo,2208',33,5,3,0,ZARAGOZA,DEL
660,Larra,1453',33,0,2,0,ZARAGOZA,DEF
661,Lluís López,2674',31,1,8,0,ZARAGOZA,DEF
662,Zapater,1347',29,1,4,1,ZARAGOZA,CEN
663,Víctor Mollejo,1599',28,3,4,0,ZARAGOZA,DEL
664,Manu Molina,1330',25,0,4,0,ZARAGOZA,CEN
665,Nieto,1899',24,0,3,0,ZARAGOZA,DEF
666,Alejandro Francés,1892',23,0,4,0,ZARAGOZA,DEF
667,Gabriel Fuentes,1702',22,0,3,0,ZARAGOZA,DEF
668,Makhtar Gueye,617',22,0,1,0,ZARAGOZA,DEL
669,Eugeni,597',21,0,1,0,ZARAGOZA,CEN
670,Iván Azón,1079',19,3,0,0,ZARAGOZA,DEL
671,Bebé,1284',16,4,3,0,ZARAGOZA,DEL
672,Tomás Alarcón,514',12,0,2,1,ZARAGOZA,CEN
673,Radosav Petrović,241',9,0,5,1,ZARAGOZA,CEN
674,Pau Sans,113',7,0,0,0,ZARAGOZA,DEL
675,Marcos Luna,286',6,0,1,0,ZARAGOZA,DEF
676,Ratón,450',5,0,0,0,ZARAGOZA,POR
677,Juanjo Narváez,158',3,0,0,0,ZARAGOZA,DEL
678,Dani Rebollo,180',2,0,0,0,ZARAGOZA,POR
679,Pep Chavarría,180',2,0,0,0,ZARAGOZA,DEF
680,Vigaray,23',2,0,0,0,ZARAGOZA,DEF
681,Lasure,19',1,0,0,0,ZARAGOZA,DEF
682,Jairo Quinteros,11',1,0,1,0,ZARAGOZA,DEF
